{"version":{"pluginId":"default","version":"current","label":"Next","banner":null,"badge":false,"noIndex":false,"className":"docs-version-current","isLast":true,"docsSidebars":{"docs":[{"type":"link","label":"Rencontre 1.1","href":"/depinfo-gabarit/cours/rencontre1.1","docId":"cours/rencontre1.1","unlisted":false},{"type":"link","label":"Rencontre 1.2","href":"/depinfo-gabarit/cours/rencontre1.2","docId":"cours/rencontre1.2","unlisted":false},{"type":"link","label":"Rencontre 2.1","href":"/depinfo-gabarit/cours/rencontre2.1","docId":"cours/rencontre2.1","unlisted":false},{"type":"link","label":"Rencontre 2.2","href":"/depinfo-gabarit/cours/rencontre2.2","docId":"cours/rencontre2.2","unlisted":false},{"type":"link","label":"Rencontre 3.1","href":"/depinfo-gabarit/cours/rencontre3.1","docId":"cours/rencontre3.1","unlisted":false},{"type":"link","label":"Rencontre 3.2","href":"/depinfo-gabarit/cours/rencontre3.2","docId":"cours/rencontre3.2","unlisted":false},{"type":"link","label":"Rencontre 4.1","href":"/depinfo-gabarit/cours/rencontre4.1","docId":"cours/rencontre4.1","unlisted":false},{"type":"link","label":"Rencontre 4.2","href":"/depinfo-gabarit/cours/rencontre4.2","docId":"cours/rencontre4.2","unlisted":false},{"type":"link","label":"Rencontre 5.1","href":"/depinfo-gabarit/cours/rencontre5.1","docId":"cours/rencontre5.1","unlisted":false},{"type":"link","label":"Rencontre 5.2","href":"/depinfo-gabarit/cours/rencontre5.2","docId":"cours/rencontre5.2","unlisted":false},{"type":"link","label":"Rencontre 6.1","href":"/depinfo-gabarit/cours/rencontre6.1","docId":"cours/rencontre6.1","unlisted":false},{"type":"link","label":"Rencontre 6.2","href":"/depinfo-gabarit/cours/rencontre6.2","docId":"cours/rencontre6.2","unlisted":false},{"type":"link","label":"Rencontre 7.1","href":"/depinfo-gabarit/cours/rencontre7.1","docId":"cours/rencontre7.1","unlisted":false},{"type":"link","label":"Rencontre 7.2","href":"/depinfo-gabarit/cours/rencontre7.2","docId":"cours/rencontre7.2","unlisted":false},{"type":"link","label":"Rencontre 8.1","href":"/depinfo-gabarit/cours/rencontre8.1","docId":"cours/rencontre8.1","unlisted":false},{"type":"link","label":"Rencontre 8.2","href":"/depinfo-gabarit/cours/rencontre8.2","docId":"cours/rencontre8.2","unlisted":false},{"type":"link","label":"Rencontre 9.1","href":"/depinfo-gabarit/cours/rencontre9.1","docId":"cours/rencontre9.1","unlisted":false},{"type":"link","label":"Rencontre 9.2","href":"/depinfo-gabarit/cours/rencontre9.2","docId":"cours/rencontre9.2","unlisted":false},{"type":"link","label":"Rencontre 10.1","href":"/depinfo-gabarit/cours/rencontre10.1","docId":"cours/rencontre10.1","unlisted":false},{"type":"link","label":"Rencontre 10.2","href":"/depinfo-gabarit/cours/rencontre10.2","docId":"cours/rencontre10.2","unlisted":false},{"type":"link","label":"Rencontre 11.1","href":"/depinfo-gabarit/cours/rencontre11.1","docId":"cours/rencontre11.1","unlisted":false},{"type":"link","label":"Rencontre 11.2","href":"/depinfo-gabarit/cours/rencontre11.2","docId":"cours/rencontre11.2","unlisted":false},{"type":"link","label":"Rencontre 12.1","href":"/depinfo-gabarit/cours/rencontre12.1","docId":"cours/rencontre12.1","unlisted":false},{"type":"link","label":"Rencontre 12.2","href":"/depinfo-gabarit/cours/rencontre12.2","docId":"cours/rencontre12.2","unlisted":false},{"type":"link","label":"Rencontre 13.1","href":"/depinfo-gabarit/cours/rencontre13.1","docId":"cours/rencontre13.1","unlisted":false},{"type":"link","label":"Rencontre 13.2","href":"/depinfo-gabarit/cours/rencontre13.2","docId":"cours/rencontre13.2","unlisted":false},{"type":"link","label":"Rencontre 14.1","href":"/depinfo-gabarit/cours/rencontre14.1","docId":"cours/rencontre14.1","unlisted":false},{"type":"link","label":"Rencontre 14.2","href":"/depinfo-gabarit/cours/rencontre14.2","docId":"cours/rencontre14.2","unlisted":false},{"type":"link","label":"Rencontre 15.1","href":"/depinfo-gabarit/cours/rencontre15.1","docId":"cours/rencontre15.1","unlisted":false},{"type":"link","label":"Rencontre 15.2","href":"/depinfo-gabarit/cours/rencontre15.2","docId":"cours/rencontre15.2","unlisted":false}],"tp":[{"type":"link","label":"TP1","href":"/depinfo-gabarit/tp/tp1","docId":"tp/tp1","unlisted":false},{"type":"link","label":"TP2","href":"/depinfo-gabarit/tp/tp2","docId":"tp/tp2","unlisted":false},{"type":"link","label":"TP3","href":"/depinfo-gabarit/tp/tp3","docId":"tp/tp3","unlisted":false}]},"docs":{"accueil":{"id":"accueil","title":"Accueil","description":""},"cours/rencontre1.1":{"id":"cours/rencontre1.1","title":"Rencontre 1.1","description":"","sidebar":"docs"},"cours/rencontre1.2":{"id":"cours/rencontre1.2","title":"Rencontre 1.2","description":"","sidebar":"docs"},"cours/rencontre10.1":{"id":"cours/rencontre10.1","title":"Rencontre 10.1","description":"","sidebar":"docs"},"cours/rencontre10.2":{"id":"cours/rencontre10.2","title":"Rencontre 10.2","description":"","sidebar":"docs"},"cours/rencontre11.1":{"id":"cours/rencontre11.1","title":"Rencontre 11.1","description":"","sidebar":"docs"},"cours/rencontre11.2":{"id":"cours/rencontre11.2","title":"Rencontre 11.2","description":"","sidebar":"docs"},"cours/rencontre12.1":{"id":"cours/rencontre12.1","title":"Rencontre 12.1","description":"","sidebar":"docs"},"cours/rencontre12.2":{"id":"cours/rencontre12.2","title":"Rencontre 12.2","description":"","sidebar":"docs"},"cours/rencontre13.1":{"id":"cours/rencontre13.1","title":"Rencontre 13.1","description":"","sidebar":"docs"},"cours/rencontre13.2":{"id":"cours/rencontre13.2","title":"Rencontre 13.2","description":"","sidebar":"docs"},"cours/rencontre14.1":{"id":"cours/rencontre14.1","title":"Rencontre 14.1","description":"","sidebar":"docs"},"cours/rencontre14.2":{"id":"cours/rencontre14.2","title":"Rencontre 14.2","description":"","sidebar":"docs"},"cours/rencontre15.1":{"id":"cours/rencontre15.1","title":"Rencontre 15.1","description":"","sidebar":"docs"},"cours/rencontre15.2":{"id":"cours/rencontre15.2","title":"Rencontre 15.2","description":"","sidebar":"docs"},"cours/rencontre2.1":{"id":"cours/rencontre2.1","title":"Rencontre 2.1","description":"","sidebar":"docs"},"cours/rencontre2.2":{"id":"cours/rencontre2.2","title":"Rencontre 2.2","description":"","sidebar":"docs"},"cours/rencontre3.1":{"id":"cours/rencontre3.1","title":"Rencontre 3.1","description":"","sidebar":"docs"},"cours/rencontre3.2":{"id":"cours/rencontre3.2","title":"Rencontre 3.2","description":"","sidebar":"docs"},"cours/rencontre4.1":{"id":"cours/rencontre4.1","title":"Rencontre 4.1","description":"","sidebar":"docs"},"cours/rencontre4.2":{"id":"cours/rencontre4.2","title":"Rencontre 4.2","description":"","sidebar":"docs"},"cours/rencontre5.1":{"id":"cours/rencontre5.1","title":"Rencontre 5.1","description":"","sidebar":"docs"},"cours/rencontre5.2":{"id":"cours/rencontre5.2","title":"Rencontre 5.2","description":"","sidebar":"docs"},"cours/rencontre6.1":{"id":"cours/rencontre6.1","title":"Rencontre 6.1","description":"","sidebar":"docs"},"cours/rencontre6.2":{"id":"cours/rencontre6.2","title":"Rencontre 6.2","description":"","sidebar":"docs"},"cours/rencontre7.1":{"id":"cours/rencontre7.1","title":"Rencontre 7.1","description":"","sidebar":"docs"},"cours/rencontre7.2":{"id":"cours/rencontre7.2","title":"Rencontre 7.2","description":"","sidebar":"docs"},"cours/rencontre8.1":{"id":"cours/rencontre8.1","title":"Rencontre 8.1","description":"","sidebar":"docs"},"cours/rencontre8.2":{"id":"cours/rencontre8.2","title":"Rencontre 8.2","description":"","sidebar":"docs"},"cours/rencontre9.1":{"id":"cours/rencontre9.1","title":"Rencontre 9.1","description":"","sidebar":"docs"},"cours/rencontre9.2":{"id":"cours/rencontre9.2","title":"Rencontre 9.2","description":"","sidebar":"docs"},"tp/tp1":{"id":"tp/tp1","title":"TP1","description":"","sidebar":"tp"},"tp/tp2":{"id":"tp/tp2","title":"TP2","description":"","sidebar":"tp"},"tp/tp3":{"id":"tp/tp3","title":"TP3","description":"","sidebar":"tp"}}}}