{
  "id": "cours/rencontre7.1",
  "title": "Cours 13 - Intra sommatif (15%)",
  "description": "",
  "source": "@site/docs/01-cours/13-rencontre7.1.md",
  "sourceDirName": "01-cours",
  "slug": "/cours/rencontre7.1",
  "permalink": "/4W6-WebServices/cours/rencontre7.1",
  "draft": false,
  "unlisted": false,
  "editUrl": "https://github.com/departement-info-cem/4W6-WebServices/tree/main/web/docs/01-cours/13-rencontre7.1.md",
  "tags": [],
  "version": "current",
  "sidebarPosition": 13,
  "frontMatter": {},
  "sidebar": "docs",
  "previous": {
    "title": "Cours 12 - Intra formatif",
    "permalink": "/4W6-WebServices/cours/rencontre6.2"
  },
  "next": {
    "title": "Cours 14 - Intro Web API",
    "permalink": "/4W6-WebServices/cours/rencontre7.2"
  }
}