{
  "id": "cours/rencontre6.2",
  "title": "Cours 12 - Intra formatif",
  "description": "",
  "source": "@site/docs/01-cours/12-rencontre6.2.md",
  "sourceDirName": "01-cours",
  "slug": "/cours/rencontre6.2",
  "permalink": "/4W6-WebServices/cours/rencontre6.2",
  "draft": false,
  "unlisted": false,
  "editUrl": "https://github.com/departement-info-cem/4W6-WebServices/tree/main/web/docs/01-cours/12-rencontre6.2.md",
  "tags": [],
  "version": "current",
  "sidebarPosition": 12,
  "frontMatter": {},
  "sidebar": "docs",
  "previous": {
    "title": "Cours 11 - TP2 (20%)",
    "permalink": "/4W6-WebServices/cours/rencontre6.1"
  },
  "next": {
    "title": "Cours 13 - Intra sommatif (15%)",
    "permalink": "/4W6-WebServices/cours/rencontre7.1"
  }
}