{
  "id": "labos/labo3",
  "title": "Laboratoire 3",
  "description": "",
  "source": "@site/docs/03-labos/01-labo3.md",
  "sourceDirName": "03-labos",
  "slug": "/labos/labo3",
  "permalink": "/webservices/labos/labo3",
  "draft": false,
  "unlisted": false,
  "editUrl": "https://github.com/departement-info-cem/webservices/tree/main/web/docs/03-labos/01-labo3.md",
  "tags": [],
  "version": "current",
  "sidebarPosition": 1,
  "frontMatter": {},
  "sidebar": "labos",
  "previous": {
    "title": "Laboratoire 1",
    "permalink": "/webservices/labos/labo1"
  },
  "next": {
    "title": "Laboratoire 2",
    "permalink": "/webservices/labos/labo2"
  }
}