{
  "id": "labos/labo2",
  "title": "Laboratoire 2",
  "description": "Pour ce deuxième laboratoire il y aura un projet de départ à télécharger. Le voici. 🎁",
  "source": "@site/docs/03-labos/02-labo2.md",
  "sourceDirName": "03-labos",
  "slug": "/labos/labo2",
  "permalink": "/4W6-WebServices/labos/labo2",
  "draft": false,
  "unlisted": false,
  "editUrl": "https://github.com/departement-info-cem/4W6-WebServices/tree/main/web/docs/03-labos/02-labo2.md",
  "tags": [],
  "version": "current",
  "sidebarPosition": 2,
  "frontMatter": {},
  "sidebar": "labos",
  "previous": {
    "title": "Laboratoire 1",
    "permalink": "/4W6-WebServices/labos/labo1"
  },
  "next": {
    "title": "Laboratoire 3",
    "permalink": "/4W6-WebServices/labos/labo3"
  }
}