{
  "id": "labos/labo9",
  "title": "Laboratoire 9",
  "description": "",
  "source": "@site/docs/03-labos/07-labo9.md",
  "sourceDirName": "03-labos",
  "slug": "/labos/labo9",
  "permalink": "/4W6-WebServices/labos/labo9",
  "draft": false,
  "unlisted": false,
  "editUrl": "https://github.com/departement-info-cem/4W6-WebServices/tree/main/web/docs/03-labos/07-labo9.md",
  "tags": [],
  "version": "current",
  "sidebarPosition": 7,
  "frontMatter": {},
  "sidebar": "labos",
  "previous": {
    "title": "Laboratoire 7",
    "permalink": "/4W6-WebServices/labos/labo7"
  }
}