{
  "id": "cours/rencontre8.2",
  "title": "Cours 16 - Gestion utilisateurs",
  "description": "",
  "source": "@site/docs/01-cours/16-rencontre8.2.md",
  "sourceDirName": "01-cours",
  "slug": "/cours/rencontre8.2",
  "permalink": "/4W6-WebServices/cours/rencontre8.2",
  "draft": false,
  "unlisted": false,
  "editUrl": "https://github.com/departement-info-cem/4W6-WebServices/tree/main/web/docs/01-cours/16-rencontre8.2.md",
  "tags": [],
  "version": "current",
  "sidebarPosition": 16,
  "frontMatter": {},
  "sidebar": "docs",
  "previous": {
    "title": "Cours 15 - Services",
    "permalink": "/4W6-WebServices/cours/rencontre8.1"
  },
  "next": {
    "title": "Cours 17 - Sécurité, interceptors",
    "permalink": "/4W6-WebServices/cours/rencontre9.1"
  }
}