{
  "id": "labos/labo1",
  "title": "Laboratoire 1",
  "description": "Pour ce premier laboratoire il n'y aura pas de matériel de départ. Pour tous les laboratoires,",
  "source": "@site/docs/03-labos/01-labo1.md",
  "sourceDirName": "03-labos",
  "slug": "/labos/labo1",
  "permalink": "/4W6-WebServices/labos/labo1",
  "draft": false,
  "unlisted": false,
  "editUrl": "https://github.com/departement-info-cem/4W6-WebServices/tree/main/web/docs/03-labos/01-labo1.md",
  "tags": [],
  "version": "current",
  "sidebarPosition": 1,
  "frontMatter": {},
  "sidebar": "labos",
  "next": {
    "title": "Laboratoire 2",
    "permalink": "/4W6-WebServices/labos/labo2"
  }
}