{
  "id": "cours/rencontre15.2",
  "title": "Cours 30 - Final sommatif (25%)",
  "description": "",
  "source": "@site/docs/01-cours/30-rencontre15.2.md",
  "sourceDirName": "01-cours",
  "slug": "/cours/rencontre15.2",
  "permalink": "/4W6-WebServices/cours/rencontre15.2",
  "draft": false,
  "unlisted": false,
  "editUrl": "https://github.com/departement-info-cem/4W6-WebServices/tree/main/web/docs/01-cours/30-rencontre15.2.md",
  "tags": [],
  "version": "current",
  "sidebarPosition": 30,
  "frontMatter": {},
  "sidebar": "docs",
  "previous": {
    "title": "Cours 29 - Final formatif",
    "permalink": "/4W6-WebServices/cours/rencontre15.1"
  }
}