{"allContent":{"docusaurus-plugin-content-docs":{"default":{"loadedVersions":[{"versionName":"current","label":"Next","banner":null,"badge":false,"noIndex":false,"className":"docs-version-current","path":"/4W6-WebServices/","tagsPath":"/4W6-WebServices/tags","editUrl":"https://github.com/departement-info-cem/4W6-WebServices/tree/main/web/docs","editUrlLocalized":"https://github.com/departement-info-cem/4W6-WebServices/tree/main/web/i18n/fr/docusaurus-plugin-content-docs/current","isLast":true,"routePriority":-1,"sidebarFilePath":"C:\\Users\\maxime.pelletier\\Desktop\\formatif\\4W6-WebServices\\web\\sidebars.js","contentPath":"C:\\Users\\maxime.pelletier\\Desktop\\formatif\\4W6-WebServices\\web\\docs","contentPathLocalized":"C:\\Users\\maxime.pelletier\\Desktop\\formatif\\4W6-WebServices\\web\\i18n\\fr\\docusaurus-plugin-content-docs\\current","docs":[{"id":"accueil","title":"Site Web du cours Programmation Web orientée services","description":"✅📚 Vous retrouverez sur ce site Web toutes les notes de cours, laboratoires et TPs pour le cours Programmation","source":"@site/docs/accueil.md","sourceDirName":".","slug":"/","permalink":"/4W6-WebServices/","draft":false,"unlisted":false,"editUrl":"https://github.com/departement-info-cem/4W6-WebServices/tree/main/web/docs/accueil.md","tags":[],"version":"current","sidebarPosition":1,"frontMatter":{"sidebar_position":1,"slug":"/"}},{"id":"cours/rencontre1.1","title":"Cours 1 - Intro à Angular","description":"🙈 Application Web ASP.NET Core sans client Angular","source":"@site/docs/01-cours/01-rencontre1.1.md","sourceDirName":"01-cours","slug":"/cours/rencontre1.1","permalink":"/4W6-WebServices/cours/rencontre1.1","draft":false,"unlisted":false,"editUrl":"https://github.com/departement-info-cem/4W6-WebServices/tree/main/web/docs/01-cours/01-rencontre1.1.md","tags":[],"version":"current","sidebarPosition":1,"frontMatter":{},"sidebar":"docs","next":{"title":"Cours 2 - Composant dynamique","permalink":"/4W6-WebServices/cours/rencontre1.2"}},{"id":"cours/rencontre1.2","title":"Cours 2 - Composant dynamique","description":"Ce cours aborde l'interaction entre la classe TypeScript d'un composant et son template HTML.","source":"@site/docs/01-cours/02-rencontre1.2.md","sourceDirName":"01-cours","slug":"/cours/rencontre1.2","permalink":"/4W6-WebServices/cours/rencontre1.2","draft":false,"unlisted":false,"editUrl":"https://github.com/departement-info-cem/4W6-WebServices/tree/main/web/docs/01-cours/02-rencontre1.2.md","tags":[],"version":"current","sidebarPosition":2,"frontMatter":{},"sidebar":"docs","previous":{"title":"Cours 1 - Intro à Angular","permalink":"/4W6-WebServices/cours/rencontre1.1"},"next":{"title":"Cours 3 - Requêtes HTTP","permalink":"/4W6-WebServices/cours/rencontre2.1"}},{"id":"cours/rencontre2.1","title":"Cours 3 - Requêtes HTTP","description":"✅ Une application Web client Angular peut :","source":"@site/docs/01-cours/03-rencontre2.1.md","sourceDirName":"01-cours","slug":"/cours/rencontre2.1","permalink":"/4W6-WebServices/cours/rencontre2.1","draft":false,"unlisted":false,"editUrl":"https://github.com/departement-info-cem/4W6-WebServices/tree/main/web/docs/01-cours/03-rencontre2.1.md","tags":[],"version":"current","sidebarPosition":3,"frontMatter":{},"sidebar":"docs","previous":{"title":"Cours 2 - Composant dynamique","permalink":"/4W6-WebServices/cours/rencontre1.2"},"next":{"title":"Cours 4 - TP1 (5%)","permalink":"/4W6-WebServices/cours/rencontre2.2"}},{"id":"cours/rencontre2.2","title":"Cours 4 - TP1 (5%)","description":"Cette période est entièrement consacrée au TP1.","source":"@site/docs/01-cours/04-rencontre2.2.md","sourceDirName":"01-cours","slug":"/cours/rencontre2.2","permalink":"/4W6-WebServices/cours/rencontre2.2","draft":false,"unlisted":false,"editUrl":"https://github.com/departement-info-cem/4W6-WebServices/tree/main/web/docs/01-cours/04-rencontre2.2.md","tags":[],"version":"current","sidebarPosition":4,"frontMatter":{},"sidebar":"docs","previous":{"title":"Cours 3 - Requêtes HTTP","permalink":"/4W6-WebServices/cours/rencontre2.1"},"next":{"title":"Cours 5 - Plusieurs composants","permalink":"/4W6-WebServices/cours/rencontre3.1"}},{"id":"cours/rencontre3.1","title":"Cours 5 - Plusieurs composants","description":"Utiliser plusieurs composants permettra de « naviguer sur plusieurs pages Web » et permettra également d'éviter","source":"@site/docs/01-cours/05-rencontre3.1.md","sourceDirName":"01-cours","slug":"/cours/rencontre3.1","permalink":"/4W6-WebServices/cours/rencontre3.1","draft":false,"unlisted":false,"editUrl":"https://github.com/departement-info-cem/4W6-WebServices/tree/main/web/docs/01-cours/05-rencontre3.1.md","tags":[],"version":"current","sidebarPosition":5,"frontMatter":{},"sidebar":"docs","previous":{"title":"Cours 4 - TP1 (5%)","permalink":"/4W6-WebServices/cours/rencontre2.2"},"next":{"title":"Cours 6 - Services","permalink":"/4W6-WebServices/cours/rencontre3.2"}},{"id":"cours/rencontre3.2","title":"Cours 6 - Services","description":"⚙ Les services sont des classes TypeScript qui ne sont associées à aucun code HTML ou CSS.","source":"@site/docs/01-cours/06-rencontre3.2.md","sourceDirName":"01-cours","slug":"/cours/rencontre3.2","permalink":"/4W6-WebServices/cours/rencontre3.2","draft":false,"unlisted":false,"editUrl":"https://github.com/departement-info-cem/4W6-WebServices/tree/main/web/docs/01-cours/06-rencontre3.2.md","tags":[],"version":"current","sidebarPosition":6,"frontMatter":{},"sidebar":"docs","previous":{"title":"Cours 5 - Plusieurs composants","permalink":"/4W6-WebServices/cours/rencontre3.1"},"next":{"title":"Cours 7 - Stockage, i18n, token","permalink":"/4W6-WebServices/cours/rencontre4.1"}},{"id":"cours/rencontre4.1","title":"Cours 7 - Stockage, i18n, token","description":"💾 Stockage local","source":"@site/docs/01-cours/07-rencontre4.1.md","sourceDirName":"01-cours","slug":"/cours/rencontre4.1","permalink":"/4W6-WebServices/cours/rencontre4.1","draft":false,"unlisted":false,"editUrl":"https://github.com/departement-info-cem/4W6-WebServices/tree/main/web/docs/01-cours/07-rencontre4.1.md","tags":[],"version":"current","sidebarPosition":7,"frontMatter":{},"sidebar":"docs","previous":{"title":"Cours 6 - Services","permalink":"/4W6-WebServices/cours/rencontre3.2"},"next":{"title":"Cours 8 - Maps, vidéos, pipes","permalink":"/4W6-WebServices/cours/rencontre4.2"}},{"id":"cours/rencontre4.2","title":"Cours 8 - Maps, vidéos, pipes","description":"▶ Intégration YouTube","source":"@site/docs/01-cours/08-rencontre4.2.md","sourceDirName":"01-cours","slug":"/cours/rencontre4.2","permalink":"/4W6-WebServices/cours/rencontre4.2","draft":false,"unlisted":false,"editUrl":"https://github.com/departement-info-cem/4W6-WebServices/tree/main/web/docs/01-cours/08-rencontre4.2.md","tags":[],"version":"current","sidebarPosition":8,"frontMatter":{},"sidebar":"docs","previous":{"title":"Cours 7 - Stockage, i18n, token","permalink":"/4W6-WebServices/cours/rencontre4.1"}}],"drafts":[],"sidebars":{"docs":[{"type":"doc","id":"cours/rencontre1.1"},{"type":"doc","id":"cours/rencontre1.2"},{"type":"doc","id":"cours/rencontre2.1"},{"type":"doc","id":"cours/rencontre2.2"},{"type":"doc","id":"cours/rencontre3.1"},{"type":"doc","id":"cours/rencontre3.2"},{"type":"doc","id":"cours/rencontre4.1"},{"type":"doc","id":"cours/rencontre4.2"}],"tp":[],"labos":[]}}]}},"docusaurus-plugin-content-blog":{"default":{"blogSidebarTitle":"Recent posts","blogPosts":[],"blogListPaginated":[],"blogTags":{},"blogTagsListPath":"/4W6-WebServices/blog/tags"}},"docusaurus-plugin-content-pages":{"default":null},"docusaurus-plugin-debug":{},"docusaurus-theme-classic":{},"docusaurus-theme-mermaid":{},"docusaurus-bootstrap-plugin":{},"docusaurus-mdx-fallback-plugin":{}}}