{"allContent":{"docusaurus-plugin-content-docs":{"default":{"loadedVersions":[{"versionName":"current","label":"Next","banner":null,"badge":false,"noIndex":false,"className":"docs-version-current","path":"/webservices/","tagsPath":"/webservices/tags","editUrl":"https://github.com/departement-info-cem/webservices/tree/main/web/docs","editUrlLocalized":"https://github.com/departement-info-cem/webservices/tree/main/web/i18n/fr/docusaurus-plugin-content-docs/current","isLast":true,"routePriority":-1,"sidebarFilePath":"D:\\cegep_cours\\prog web services\\4W6-Web-Services\\web\\sidebars.js","contentPath":"D:\\cegep_cours\\prog web services\\4W6-Web-Services\\web\\docs","contentPathLocalized":"D:\\cegep_cours\\prog web services\\4W6-Web-Services\\web\\i18n\\fr\\docusaurus-plugin-content-docs\\current","docs":[{"id":"accueil","title":"Accueil","description":"Si vous remarquez des fautes de français, des erreurs dans le code ou des imprécisions dans certaines explications,","source":"@site/docs/accueil.md","sourceDirName":".","slug":"/","permalink":"/webservices/","draft":false,"unlisted":false,"editUrl":"https://github.com/departement-info-cem/webservices/tree/main/web/docs/accueil.md","tags":[],"version":"current","sidebarPosition":1,"frontMatter":{"sidebar_position":1,"slug":"/"}},{"id":"cours/rencontre1.1","title":"Cours 1 - Intro à Angular","description":"🙈 Application Web ASP.NET Core sans client Angular","source":"@site/docs/01-cours/01-rencontre1.1.md","sourceDirName":"01-cours","slug":"/cours/rencontre1.1","permalink":"/webservices/cours/rencontre1.1","draft":false,"unlisted":false,"editUrl":"https://github.com/departement-info-cem/webservices/tree/main/web/docs/01-cours/01-rencontre1.1.md","tags":[],"version":"current","sidebarPosition":1,"frontMatter":{},"sidebar":"docs","next":{"title":"Cours 2 - Composant dynamique","permalink":"/webservices/cours/rencontre1.2"}},{"id":"cours/rencontre1.2","title":"Cours 2 - Composant dynamique","description":"Ce cours aborde l'interaction entre la classe TypeScript d'un composant et son template HTML.","source":"@site/docs/01-cours/02-rencontre1.2.md","sourceDirName":"01-cours","slug":"/cours/rencontre1.2","permalink":"/webservices/cours/rencontre1.2","draft":false,"unlisted":false,"editUrl":"https://github.com/departement-info-cem/webservices/tree/main/web/docs/01-cours/02-rencontre1.2.md","tags":[],"version":"current","sidebarPosition":2,"frontMatter":{},"sidebar":"docs","previous":{"title":"Cours 1 - Intro à Angular","permalink":"/webservices/cours/rencontre1.1"},"next":{"title":"Cours 3 - Requêtes HTTP","permalink":"/webservices/cours/rencontre2.1"}},{"id":"cours/rencontre10.1","title":"Cours 19 - Sécurité, interceptors","description":"","source":"@site/docs/01-cours/19-rencontre10.1.md","sourceDirName":"01-cours","slug":"/cours/rencontre10.1","permalink":"/webservices/cours/rencontre10.1","draft":false,"unlisted":false,"editUrl":"https://github.com/departement-info-cem/webservices/tree/main/web/docs/01-cours/19-rencontre10.1.md","tags":[],"version":"current","sidebarPosition":19,"frontMatter":{},"sidebar":"docs","previous":{"title":"Cours 18 - TP3 (15%)","permalink":"/webservices/cours/rencontre9.2"},"next":{"title":"Cours 20 - TP3 (15%)","permalink":"/webservices/cours/rencontre10.2"}},{"id":"cours/rencontre10.2","title":"Cours 20 - TP3 (15%)","description":"","source":"@site/docs/01-cours/20-rencontre10.2.md","sourceDirName":"01-cours","slug":"/cours/rencontre10.2","permalink":"/webservices/cours/rencontre10.2","draft":false,"unlisted":false,"editUrl":"https://github.com/departement-info-cem/webservices/tree/main/web/docs/01-cours/20-rencontre10.2.md","tags":[],"version":"current","sidebarPosition":20,"frontMatter":{},"sidebar":"docs","previous":{"title":"Cours 19 - Sécurité, interceptors","permalink":"/webservices/cours/rencontre10.1"},"next":{"title":"Cours 21 - Serveur d'images","permalink":"/webservices/cours/rencontre11.1"}},{"id":"cours/rencontre11.1","title":"Cours 21 - Serveur d'images","description":"","source":"@site/docs/01-cours/21-rencontre11.1.md","sourceDirName":"01-cours","slug":"/cours/rencontre11.1","permalink":"/webservices/cours/rencontre11.1","draft":false,"unlisted":false,"editUrl":"https://github.com/departement-info-cem/webservices/tree/main/web/docs/01-cours/21-rencontre11.1.md","tags":[],"version":"current","sidebarPosition":21,"frontMatter":{},"sidebar":"docs","previous":{"title":"Cours 20 - TP3 (15%)","permalink":"/webservices/cours/rencontre10.2"},"next":{"title":"Cours 22 - TP4 (20%)","permalink":"/webservices/cours/rencontre11.2"}},{"id":"cours/rencontre11.2","title":"Cours 22 - TP4 (20%)","description":"","source":"@site/docs/01-cours/22-rencontre11.2.md","sourceDirName":"01-cours","slug":"/cours/rencontre11.2","permalink":"/webservices/cours/rencontre11.2","draft":false,"unlisted":false,"editUrl":"https://github.com/departement-info-cem/webservices/tree/main/web/docs/01-cours/22-rencontre11.2.md","tags":[],"version":"current","sidebarPosition":22,"frontMatter":{},"sidebar":"docs","previous":{"title":"Cours 21 - Serveur d'images","permalink":"/webservices/cours/rencontre11.1"},"next":{"title":"Cours 23 - Librairies JS","permalink":"/webservices/cours/rencontre12.1"}},{"id":"cours/rencontre12.1","title":"Cours 23 - Librairies JS","description":"","source":"@site/docs/01-cours/23-rencontre12.1.md","sourceDirName":"01-cours","slug":"/cours/rencontre12.1","permalink":"/webservices/cours/rencontre12.1","draft":false,"unlisted":false,"editUrl":"https://github.com/departement-info-cem/webservices/tree/main/web/docs/01-cours/23-rencontre12.1.md","tags":[],"version":"current","sidebarPosition":23,"frontMatter":{},"sidebar":"docs","previous":{"title":"Cours 22 - TP4 (20%)","permalink":"/webservices/cours/rencontre11.2"},"next":{"title":"Cours 24 - TP4 (20%)","permalink":"/webservices/cours/rencontre12.2"}},{"id":"cours/rencontre12.2","title":"Cours 24 - TP4 (20%)","description":"","source":"@site/docs/01-cours/24-rencontre12.2.md","sourceDirName":"01-cours","slug":"/cours/rencontre12.2","permalink":"/webservices/cours/rencontre12.2","draft":false,"unlisted":false,"editUrl":"https://github.com/departement-info-cem/webservices/tree/main/web/docs/01-cours/24-rencontre12.2.md","tags":[],"version":"current","sidebarPosition":24,"frontMatter":{},"sidebar":"docs","previous":{"title":"Cours 23 - Librairies JS","permalink":"/webservices/cours/rencontre12.1"},"next":{"title":"Cours 25 - Rôles","permalink":"/webservices/cours/rencontre13.1"}},{"id":"cours/rencontre13.1","title":"Cours 25 - Rôles","description":"","source":"@site/docs/01-cours/25-rencontre13.1.md","sourceDirName":"01-cours","slug":"/cours/rencontre13.1","permalink":"/webservices/cours/rencontre13.1","draft":false,"unlisted":false,"editUrl":"https://github.com/departement-info-cem/webservices/tree/main/web/docs/01-cours/25-rencontre13.1.md","tags":[],"version":"current","sidebarPosition":25,"frontMatter":{},"sidebar":"docs","previous":{"title":"Cours 24 - TP4 (20%)","permalink":"/webservices/cours/rencontre12.2"},"next":{"title":"Cours 26 - TP4 (20%)","permalink":"/webservices/cours/rencontre13.2"}},{"id":"cours/rencontre13.2","title":"Cours 26 - TP4 (20%)","description":"","source":"@site/docs/01-cours/26-rencontre13.2.md","sourceDirName":"01-cours","slug":"/cours/rencontre13.2","permalink":"/webservices/cours/rencontre13.2","draft":false,"unlisted":false,"editUrl":"https://github.com/departement-info-cem/webservices/tree/main/web/docs/01-cours/26-rencontre13.2.md","tags":[],"version":"current","sidebarPosition":26,"frontMatter":{},"sidebar":"docs","previous":{"title":"Cours 25 - Rôles","permalink":"/webservices/cours/rencontre13.1"},"next":{"title":"Cours 27 - TP4 (20%)","permalink":"/webservices/cours/rencontre14.1"}},{"id":"cours/rencontre14.1","title":"Cours 27 - TP4 (20%)","description":"","source":"@site/docs/01-cours/27-rencontre14.1.md","sourceDirName":"01-cours","slug":"/cours/rencontre14.1","permalink":"/webservices/cours/rencontre14.1","draft":false,"unlisted":false,"editUrl":"https://github.com/departement-info-cem/webservices/tree/main/web/docs/01-cours/27-rencontre14.1.md","tags":[],"version":"current","sidebarPosition":27,"frontMatter":{},"sidebar":"docs","previous":{"title":"Cours 26 - TP4 (20%)","permalink":"/webservices/cours/rencontre13.2"},"next":{"title":"Cours 28 - TP4 (20%)","permalink":"/webservices/cours/rencontre14.2"}},{"id":"cours/rencontre14.2","title":"Cours 28 - TP4 (20%)","description":"","source":"@site/docs/01-cours/28-rencontre14.2.md","sourceDirName":"01-cours","slug":"/cours/rencontre14.2","permalink":"/webservices/cours/rencontre14.2","draft":false,"unlisted":false,"editUrl":"https://github.com/departement-info-cem/webservices/tree/main/web/docs/01-cours/28-rencontre14.2.md","tags":[],"version":"current","sidebarPosition":28,"frontMatter":{},"sidebar":"docs","previous":{"title":"Cours 27 - TP4 (20%)","permalink":"/webservices/cours/rencontre14.1"},"next":{"title":"Cours 29 - Final formatif","permalink":"/webservices/cours/rencontre15.1"}},{"id":"cours/rencontre15.1","title":"Cours 29 - Final formatif","description":"","source":"@site/docs/01-cours/29-rencontre15.1.md","sourceDirName":"01-cours","slug":"/cours/rencontre15.1","permalink":"/webservices/cours/rencontre15.1","draft":false,"unlisted":false,"editUrl":"https://github.com/departement-info-cem/webservices/tree/main/web/docs/01-cours/29-rencontre15.1.md","tags":[],"version":"current","sidebarPosition":29,"frontMatter":{},"sidebar":"docs","previous":{"title":"Cours 28 - TP4 (20%)","permalink":"/webservices/cours/rencontre14.2"},"next":{"title":"Cours 30 - Final sommatif (25%)","permalink":"/webservices/cours/rencontre15.2"}},{"id":"cours/rencontre15.2","title":"Cours 30 - Final sommatif (25%)","description":"","source":"@site/docs/01-cours/30-rencontre15.2.md","sourceDirName":"01-cours","slug":"/cours/rencontre15.2","permalink":"/webservices/cours/rencontre15.2","draft":false,"unlisted":false,"editUrl":"https://github.com/departement-info-cem/webservices/tree/main/web/docs/01-cours/30-rencontre15.2.md","tags":[],"version":"current","sidebarPosition":30,"frontMatter":{},"sidebar":"docs","previous":{"title":"Cours 29 - Final formatif","permalink":"/webservices/cours/rencontre15.1"}},{"id":"cours/rencontre2.1","title":"Cours 3 - Requêtes HTTP","description":"","source":"@site/docs/01-cours/03-rencontre2.1.md","sourceDirName":"01-cours","slug":"/cours/rencontre2.1","permalink":"/webservices/cours/rencontre2.1","draft":false,"unlisted":false,"editUrl":"https://github.com/departement-info-cem/webservices/tree/main/web/docs/01-cours/03-rencontre2.1.md","tags":[],"version":"current","sidebarPosition":3,"frontMatter":{},"sidebar":"docs","previous":{"title":"Cours 2 - Composant dynamique","permalink":"/webservices/cours/rencontre1.2"},"next":{"title":"Cours 4 - TP1 (5%)","permalink":"/webservices/cours/rencontre2.2"}},{"id":"cours/rencontre2.2","title":"Cours 4 - TP1 (5%)","description":"","source":"@site/docs/01-cours/04-rencontre2.2.md","sourceDirName":"01-cours","slug":"/cours/rencontre2.2","permalink":"/webservices/cours/rencontre2.2","draft":false,"unlisted":false,"editUrl":"https://github.com/departement-info-cem/webservices/tree/main/web/docs/01-cours/04-rencontre2.2.md","tags":[],"version":"current","sidebarPosition":4,"frontMatter":{},"sidebar":"docs","previous":{"title":"Cours 3 - Requêtes HTTP","permalink":"/webservices/cours/rencontre2.1"},"next":{"title":"Cours 5 - Plusieurs composants","permalink":"/webservices/cours/rencontre3.1"}},{"id":"cours/rencontre3.1","title":"Cours 5 - Plusieurs composants","description":"","source":"@site/docs/01-cours/05-rencontre3.1.md","sourceDirName":"01-cours","slug":"/cours/rencontre3.1","permalink":"/webservices/cours/rencontre3.1","draft":false,"unlisted":false,"editUrl":"https://github.com/departement-info-cem/webservices/tree/main/web/docs/01-cours/05-rencontre3.1.md","tags":[],"version":"current","sidebarPosition":5,"frontMatter":{},"sidebar":"docs","previous":{"title":"Cours 4 - TP1 (5%)","permalink":"/webservices/cours/rencontre2.2"},"next":{"title":"Cours 6 - Services","permalink":"/webservices/cours/rencontre3.2"}},{"id":"cours/rencontre3.2","title":"Cours 6 - Services","description":"","source":"@site/docs/01-cours/06-rencontre3.2.md","sourceDirName":"01-cours","slug":"/cours/rencontre3.2","permalink":"/webservices/cours/rencontre3.2","draft":false,"unlisted":false,"editUrl":"https://github.com/departement-info-cem/webservices/tree/main/web/docs/01-cours/06-rencontre3.2.md","tags":[],"version":"current","sidebarPosition":6,"frontMatter":{},"sidebar":"docs","previous":{"title":"Cours 5 - Plusieurs composants","permalink":"/webservices/cours/rencontre3.1"},"next":{"title":"Cours 7 - Stockage, i18n, token","permalink":"/webservices/cours/rencontre4.1"}},{"id":"cours/rencontre4.1","title":"Cours 7 - Stockage, i18n, token","description":"","source":"@site/docs/01-cours/07-rencontre4.1.md","sourceDirName":"01-cours","slug":"/cours/rencontre4.1","permalink":"/webservices/cours/rencontre4.1","draft":false,"unlisted":false,"editUrl":"https://github.com/departement-info-cem/webservices/tree/main/web/docs/01-cours/07-rencontre4.1.md","tags":[],"version":"current","sidebarPosition":7,"frontMatter":{},"sidebar":"docs","previous":{"title":"Cours 6 - Services","permalink":"/webservices/cours/rencontre3.2"},"next":{"title":"Cours 8 - TP2 (20%)","permalink":"/webservices/cours/rencontre4.2"}},{"id":"cours/rencontre4.2","title":"Cours 8 - TP2 (20%)","description":"","source":"@site/docs/01-cours/08-rencontre4.2.md","sourceDirName":"01-cours","slug":"/cours/rencontre4.2","permalink":"/webservices/cours/rencontre4.2","draft":false,"unlisted":false,"editUrl":"https://github.com/departement-info-cem/webservices/tree/main/web/docs/01-cours/08-rencontre4.2.md","tags":[],"version":"current","sidebarPosition":8,"frontMatter":{},"sidebar":"docs","previous":{"title":"Cours 7 - Stockage, i18n, token","permalink":"/webservices/cours/rencontre4.1"},"next":{"title":"Cours 9 - Maps, vidéos, pipes","permalink":"/webservices/cours/rencontre5.1"}},{"id":"cours/rencontre5.1","title":"Cours 9 - Maps, vidéos, pipes","description":"","source":"@site/docs/01-cours/09-rencontre5.1.md","sourceDirName":"01-cours","slug":"/cours/rencontre5.1","permalink":"/webservices/cours/rencontre5.1","draft":false,"unlisted":false,"editUrl":"https://github.com/departement-info-cem/webservices/tree/main/web/docs/01-cours/09-rencontre5.1.md","tags":[],"version":"current","sidebarPosition":9,"frontMatter":{},"sidebar":"docs","previous":{"title":"Cours 8 - TP2 (20%)","permalink":"/webservices/cours/rencontre4.2"},"next":{"title":"Cours 10 - TP2 (20%)","permalink":"/webservices/cours/rencontre5.2"}},{"id":"cours/rencontre5.2","title":"Cours 10 - TP2 (20%)","description":"","source":"@site/docs/01-cours/10-rencontre5.2.md","sourceDirName":"01-cours","slug":"/cours/rencontre5.2","permalink":"/webservices/cours/rencontre5.2","draft":false,"unlisted":false,"editUrl":"https://github.com/departement-info-cem/webservices/tree/main/web/docs/01-cours/10-rencontre5.2.md","tags":[],"version":"current","sidebarPosition":10,"frontMatter":{},"sidebar":"docs","previous":{"title":"Cours 9 - Maps, vidéos, pipes","permalink":"/webservices/cours/rencontre5.1"},"next":{"title":"Cours 11 - Mat, modules, tests","permalink":"/webservices/cours/rencontre6.1"}},{"id":"cours/rencontre6.1","title":"Cours 11 - Mat, modules, tests","description":"","source":"@site/docs/01-cours/11-rencontre6.1.md","sourceDirName":"01-cours","slug":"/cours/rencontre6.1","permalink":"/webservices/cours/rencontre6.1","draft":false,"unlisted":false,"editUrl":"https://github.com/departement-info-cem/webservices/tree/main/web/docs/01-cours/11-rencontre6.1.md","tags":[],"version":"current","sidebarPosition":11,"frontMatter":{},"sidebar":"docs","previous":{"title":"Cours 10 - TP2 (20%)","permalink":"/webservices/cours/rencontre5.2"},"next":{"title":"Cours 12 - TP2 (20%)","permalink":"/webservices/cours/rencontre6.2"}},{"id":"cours/rencontre6.2","title":"Cours 12 - TP2 (20%)","description":"","source":"@site/docs/01-cours/12-rencontre6.2.md","sourceDirName":"01-cours","slug":"/cours/rencontre6.2","permalink":"/webservices/cours/rencontre6.2","draft":false,"unlisted":false,"editUrl":"https://github.com/departement-info-cem/webservices/tree/main/web/docs/01-cours/12-rencontre6.2.md","tags":[],"version":"current","sidebarPosition":12,"frontMatter":{},"sidebar":"docs","previous":{"title":"Cours 11 - Mat, modules, tests","permalink":"/webservices/cours/rencontre6.1"},"next":{"title":"Cours 13 - Intra formatif","permalink":"/webservices/cours/rencontre7.1"}},{"id":"cours/rencontre7.1","title":"Cours 13 - Intra formatif","description":"","source":"@site/docs/01-cours/13-rencontre7.1.md","sourceDirName":"01-cours","slug":"/cours/rencontre7.1","permalink":"/webservices/cours/rencontre7.1","draft":false,"unlisted":false,"editUrl":"https://github.com/departement-info-cem/webservices/tree/main/web/docs/01-cours/13-rencontre7.1.md","tags":[],"version":"current","sidebarPosition":13,"frontMatter":{},"sidebar":"docs","previous":{"title":"Cours 12 - TP2 (20%)","permalink":"/webservices/cours/rencontre6.2"},"next":{"title":"Cours 14 - Intra sommatif (15%)","permalink":"/webservices/cours/rencontre7.2"}},{"id":"cours/rencontre7.2","title":"Cours 14 - Intra sommatif (15%)","description":"","source":"@site/docs/01-cours/14-rencontre7.2.md","sourceDirName":"01-cours","slug":"/cours/rencontre7.2","permalink":"/webservices/cours/rencontre7.2","draft":false,"unlisted":false,"editUrl":"https://github.com/departement-info-cem/webservices/tree/main/web/docs/01-cours/14-rencontre7.2.md","tags":[],"version":"current","sidebarPosition":14,"frontMatter":{},"sidebar":"docs","previous":{"title":"Cours 13 - Intra formatif","permalink":"/webservices/cours/rencontre7.1"},"next":{"title":"Cours 15 - Intro Web API","permalink":"/webservices/cours/rencontre8.1"}},{"id":"cours/rencontre8.1","title":"Cours 15 - Intro Web API","description":"","source":"@site/docs/01-cours/15-rencontre8.1.md","sourceDirName":"01-cours","slug":"/cours/rencontre8.1","permalink":"/webservices/cours/rencontre8.1","draft":false,"unlisted":false,"editUrl":"https://github.com/departement-info-cem/webservices/tree/main/web/docs/01-cours/15-rencontre8.1.md","tags":[],"version":"current","sidebarPosition":15,"frontMatter":{},"sidebar":"docs","previous":{"title":"Cours 14 - Intra sommatif (15%)","permalink":"/webservices/cours/rencontre7.2"},"next":{"title":"Cours 16 - Services","permalink":"/webservices/cours/rencontre8.2"}},{"id":"cours/rencontre8.2","title":"Cours 16 - Services","description":"","source":"@site/docs/01-cours/16-rencontre8.2.md","sourceDirName":"01-cours","slug":"/cours/rencontre8.2","permalink":"/webservices/cours/rencontre8.2","draft":false,"unlisted":false,"editUrl":"https://github.com/departement-info-cem/webservices/tree/main/web/docs/01-cours/16-rencontre8.2.md","tags":[],"version":"current","sidebarPosition":16,"frontMatter":{},"sidebar":"docs","previous":{"title":"Cours 15 - Intro Web API","permalink":"/webservices/cours/rencontre8.1"},"next":{"title":"Cours 17 - Gestion utilisateurs","permalink":"/webservices/cours/rencontre9.1"}},{"id":"cours/rencontre9.1","title":"Cours 17 - Gestion utilisateurs","description":"","source":"@site/docs/01-cours/17-rencontre9.1.md","sourceDirName":"01-cours","slug":"/cours/rencontre9.1","permalink":"/webservices/cours/rencontre9.1","draft":false,"unlisted":false,"editUrl":"https://github.com/departement-info-cem/webservices/tree/main/web/docs/01-cours/17-rencontre9.1.md","tags":[],"version":"current","sidebarPosition":17,"frontMatter":{},"sidebar":"docs","previous":{"title":"Cours 16 - Services","permalink":"/webservices/cours/rencontre8.2"},"next":{"title":"Cours 18 - TP3 (15%)","permalink":"/webservices/cours/rencontre9.2"}},{"id":"cours/rencontre9.2","title":"Cours 18 - TP3 (15%)","description":"","source":"@site/docs/01-cours/18-rencontre9.2.md","sourceDirName":"01-cours","slug":"/cours/rencontre9.2","permalink":"/webservices/cours/rencontre9.2","draft":false,"unlisted":false,"editUrl":"https://github.com/departement-info-cem/webservices/tree/main/web/docs/01-cours/18-rencontre9.2.md","tags":[],"version":"current","sidebarPosition":18,"frontMatter":{},"sidebar":"docs","previous":{"title":"Cours 17 - Gestion utilisateurs","permalink":"/webservices/cours/rencontre9.1"},"next":{"title":"Cours 19 - Sécurité, interceptors","permalink":"/webservices/cours/rencontre10.1"}},{"id":"labos/labo1","title":"Laboratoire 1","description":"Pour ce premier laboratoire il n'y aura pas de matériel de départ. Pour tous les laboratoires,","source":"@site/docs/03-labos/01-labo1.md","sourceDirName":"03-labos","slug":"/labos/labo1","permalink":"/webservices/labos/labo1","draft":false,"unlisted":false,"editUrl":"https://github.com/departement-info-cem/webservices/tree/main/web/docs/03-labos/01-labo1.md","tags":[],"version":"current","sidebarPosition":1,"frontMatter":{},"sidebar":"labos","next":{"title":"Laboratoire 2","permalink":"/webservices/labos/labo2"}},{"id":"labos/labo2","title":"Laboratoire 2","description":"","source":"@site/docs/03-labos/02-labo2.md","sourceDirName":"03-labos","slug":"/labos/labo2","permalink":"/webservices/labos/labo2","draft":false,"unlisted":false,"editUrl":"https://github.com/departement-info-cem/webservices/tree/main/web/docs/03-labos/02-labo2.md","tags":[],"version":"current","sidebarPosition":2,"frontMatter":{},"sidebar":"labos","previous":{"title":"Laboratoire 1","permalink":"/webservices/labos/labo1"},"next":{"title":"Laboratoire 3","permalink":"/webservices/labos/labo3"}},{"id":"labos/labo3","title":"Laboratoire 3","description":"","source":"@site/docs/03-labos/03-labo3.md","sourceDirName":"03-labos","slug":"/labos/labo3","permalink":"/webservices/labos/labo3","draft":false,"unlisted":false,"editUrl":"https://github.com/departement-info-cem/webservices/tree/main/web/docs/03-labos/03-labo3.md","tags":[],"version":"current","sidebarPosition":3,"frontMatter":{},"sidebar":"labos","previous":{"title":"Laboratoire 2","permalink":"/webservices/labos/labo2"}},{"id":"tp/tp1","title":"TP1","description":"","source":"@site/docs/02-tp/01-tp1.md","sourceDirName":"02-tp","slug":"/tp/tp1","permalink":"/webservices/tp/tp1","draft":false,"unlisted":false,"editUrl":"https://github.com/departement-info-cem/webservices/tree/main/web/docs/02-tp/01-tp1.md","tags":[],"version":"current","sidebarPosition":1,"frontMatter":{},"sidebar":"tp","next":{"title":"TP2","permalink":"/webservices/tp/tp2"}},{"id":"tp/tp2","title":"TP2","description":"","source":"@site/docs/02-tp/02-tp2.md","sourceDirName":"02-tp","slug":"/tp/tp2","permalink":"/webservices/tp/tp2","draft":false,"unlisted":false,"editUrl":"https://github.com/departement-info-cem/webservices/tree/main/web/docs/02-tp/02-tp2.md","tags":[],"version":"current","sidebarPosition":2,"frontMatter":{},"sidebar":"tp","previous":{"title":"TP1","permalink":"/webservices/tp/tp1"},"next":{"title":"TP3","permalink":"/webservices/tp/tp3"}},{"id":"tp/tp3","title":"TP3","description":"","source":"@site/docs/02-tp/03-tp3.md","sourceDirName":"02-tp","slug":"/tp/tp3","permalink":"/webservices/tp/tp3","draft":false,"unlisted":false,"editUrl":"https://github.com/departement-info-cem/webservices/tree/main/web/docs/02-tp/03-tp3.md","tags":[],"version":"current","sidebarPosition":3,"frontMatter":{},"sidebar":"tp","previous":{"title":"TP2","permalink":"/webservices/tp/tp2"},"next":{"title":"TP4","permalink":"/webservices/tp/tp4"}},{"id":"tp/tp4","title":"TP4","description":"","source":"@site/docs/02-tp/04-tp4.md","sourceDirName":"02-tp","slug":"/tp/tp4","permalink":"/webservices/tp/tp4","draft":false,"unlisted":false,"editUrl":"https://github.com/departement-info-cem/webservices/tree/main/web/docs/02-tp/04-tp4.md","tags":[],"version":"current","sidebarPosition":4,"frontMatter":{},"sidebar":"tp","previous":{"title":"TP3","permalink":"/webservices/tp/tp3"}}],"drafts":[],"sidebars":{"docs":[{"type":"doc","id":"cours/rencontre1.1"},{"type":"doc","id":"cours/rencontre1.2"},{"type":"doc","id":"cours/rencontre2.1"},{"type":"doc","id":"cours/rencontre2.2"},{"type":"doc","id":"cours/rencontre3.1"},{"type":"doc","id":"cours/rencontre3.2"},{"type":"doc","id":"cours/rencontre4.1"},{"type":"doc","id":"cours/rencontre4.2"},{"type":"doc","id":"cours/rencontre5.1"},{"type":"doc","id":"cours/rencontre5.2"},{"type":"doc","id":"cours/rencontre6.1"},{"type":"doc","id":"cours/rencontre6.2"},{"type":"doc","id":"cours/rencontre7.1"},{"type":"doc","id":"cours/rencontre7.2"},{"type":"doc","id":"cours/rencontre8.1"},{"type":"doc","id":"cours/rencontre8.2"},{"type":"doc","id":"cours/rencontre9.1"},{"type":"doc","id":"cours/rencontre9.2"},{"type":"doc","id":"cours/rencontre10.1"},{"type":"doc","id":"cours/rencontre10.2"},{"type":"doc","id":"cours/rencontre11.1"},{"type":"doc","id":"cours/rencontre11.2"},{"type":"doc","id":"cours/rencontre12.1"},{"type":"doc","id":"cours/rencontre12.2"},{"type":"doc","id":"cours/rencontre13.1"},{"type":"doc","id":"cours/rencontre13.2"},{"type":"doc","id":"cours/rencontre14.1"},{"type":"doc","id":"cours/rencontre14.2"},{"type":"doc","id":"cours/rencontre15.1"},{"type":"doc","id":"cours/rencontre15.2"}],"tp":[{"type":"doc","id":"tp/tp1"},{"type":"doc","id":"tp/tp2"},{"type":"doc","id":"tp/tp3"},{"type":"doc","id":"tp/tp4"}],"labos":[{"type":"doc","id":"labos/labo1"},{"type":"doc","id":"labos/labo2"},{"type":"doc","id":"labos/labo3"}]}}]}},"docusaurus-plugin-content-blog":{"default":{"blogSidebarTitle":"Recent posts","blogPosts":[],"blogListPaginated":[],"blogTags":{},"blogTagsListPath":"/webservices/blog/tags"}},"docusaurus-plugin-content-pages":{"default":null},"docusaurus-plugin-debug":{},"docusaurus-theme-classic":{},"docusaurus-theme-mermaid":{},"docusaurus-bootstrap-plugin":{},"docusaurus-mdx-fallback-plugin":{}}}